Workbook

Sheet Summary
B1: JavaScript | D1: Java
A2: Models | B2: Initial | C2: Best | D2: Initial | E2: Best
A3: GPT-oss-20b | B3: ='GPT-OSS-20B'!$K$23 -> 0.45053935 | C3: ='GPT-OSS-20B'!$P$23 -> 0.81201807 | D3: ='GPT-OSS-20B'!$B$23 -> 0.27360491 | E3: ='GPT-OSS-20B'!$G$23 -> 0.41777597
A4: GPT-5-mini | B4: ='GPT-5-Mini'!$K$23 -> 0.63216466 | C4: ='GPT-5-Mini'!$P$23 -> 0.93340812 | D4: ='GPT-5-Mini'!$B$23 -> 0.58043709 | E4: ='GPT-5-Mini'!$G$23 -> 0.86210913

Sheet GPT-OSS-20B
A1: GPT-Oss-20B | B1: Java | J1: GPT-Oss-20B | K1: JavaScript
A2: ProjectID | B2: Initial | C2: 2 | D2: 3 | E2: 4 | F2: 5 | G2: Best | J2: ProjectID | K2: Initial | L2: 2 | M2: 3 | N2: 4 | O2: 5 | P2: Best
A3: 1 | B3: 0.90909091 | G3: =MAX(B3:F3) -> 0.90909091 | J3: 1 | K3: 1 | L3: - | M3: - | N3: - | O3: - | P3: =MAX(K3:O3) -> 1
A4: 2 | B4: 0.55555556 | C4: 0.55555556 | D4: 0.77777778 | E4: 0.77777778 | F4: 0.77777778 | G4: =MAX(B4:F4) -> 0.77777778 | J4: 2 | K4: 0 | L4: 1 | M4: - | N4: - | O4: - | P4: =MAX(K4:O4) -> 1
A5: 3 | B5: 0 | C5: 0 | D5: 0.1875 | E5: 0.625 | F5: 0 | G5: =MAX(B5:F5) -> 0.625 | J5: 3 | K5: 0.9375 | L5: - | M5: - | N5: - | O5: - | P5: =MAX(K5:O5) -> 0.9375
A6: 4 | B6: 0.11764706 | C6: 0.64705882 | D6: 0.76470588 | E6: 1 | G6: =MAX(B6:F6) -> 1 | J6: 4 | K6: 0.88235294 | L6: 0.94117647 | M6: - | N6: - | O6: - | P6: =MAX(K6:O6) -> 0.94117647
A7: 5 | B7: 0.76923077 | C7: 1 | G7: =MAX(B7:F7) -> 1 | J7: 5 | K7: 0.84615385 | L7: 1 | M7: - | N7: - | O7: - | P7: =MAX(K7:O7) -> 1
A8: 6 | B8: 0 | C8: 0 | D8: 0 | E8: 0 | F8: 0 | G8: =MAX(B8:F8) -> 0 | J8: 6 | K8: 1 | L8: - | M8: - | N8: - | O8: - | P8: =MAX(K8:O8) -> 1
A9: 7 | B9: 0 | C9: 0 | D9: 0 | E9: 0 | F9: 0 | G9: =MAX(B9:F9) -> 0 | J9: 7 | K9: 0 | L9: 0 | M9: 0 | N9: 0.625 | O9: 0.625 | P9: =MAX(K9:O9) -> 0.625
A10: 8 | B10: 0.055555556 | C10: 0.055555556 | D10: 0.055555556 | E10: 0.055555556 | F10: 0.055555556 | G10: =MAX(B10:F10) -> 0.055555556 | J10: 8 | K10: 1 | L10: - | M10: - | N10: - | O10: - | P10: =MAX(K10:O10) -> 1
A11: 9 | B11: 0.076923077 | C11: 0.076923077 | D11: 0.076923077 | E11: 1 | G11: =MAX(B11:F11) -> 1 | J11: 9 | K11: 0 | L11: 1 | M11: - | N11: - | O11: - | P11: =MAX(K11:O11) -> 1
A12: 10 | B12: 0 | C12: 0 | D12: 0 | E12: 0 | F12: 0 | G12: =MAX(B12:F12) -> 0 | J12: 10 | K12: 0.9047619 | L12: - | M12: - | N12: - | O12: - | P12: =MAX(K12:O12) -> 0.9047619
A13: 11 | B13: 0.25 | C13: 0.25 | D13: 0.25 | E13: 0.25 | F13: 0.25 | G13: =MAX(B13:F13) -> 0.25 | J13: 11 | K13: 0 | L13: 0.375 | M13: 0.375 | N13: 0.875 | O13: 0.875 | P13: =MAX(K13:O13) -> 0.875
A14: 12 | B14: 0 | C14: 0 | D14: 0 | E14: 0 | F14: 0 | G14: =MAX(B14:F14) -> 0 | J14: 12 | K14: 0.11111111 | L14: 0.5 | M14: 0.5 | N14: 0.5 | O14: 0.5 | P14: =MAX(K14:O14) -> 0.5
A15: 13 | B15: 0 | C15: 0 | D15: 0 | E15: 0 | F15: 0 | G15: =MAX(B15:F15) -> 0 | J15: 13 | K15: 0 | L15: 0 | M15: 0.8 | N15: 0.88 | O15: 0.88 | P15: =MAX(K15:O15) -> 0.88
A16: 14 | B16: 1 | G16: =MAX(B16:F16) -> 1 | J16: 14 | K16: 1 | L16: - | M16: - | N16: - | O16: - | P16: =MAX(K16:O16) -> 1
A17: 15 | B17: 1 | G17: =MAX(B17:F17) -> 1 | J17: 15 | K17: 0 | L17: 1 | M17: - | N17: - | O17: - | P17: =MAX(K17:O17) -> 1
A18: 16 | B18: 0.33333333 | C18: 0.33333333 | D18: 0.33333333 | E18: 0.33333333 | F18: 0.33333333 | G18: =MAX(B18:F18) -> 0.33333333 | J18: 16 | K18: 0.22222222 | L18: 0.33333333 | M18: 0.33333333 | N18: 0.33333333 | O18: 0.33333333 | P18: =MAX(K18:O18) -> 0.33333333
A19: 17 | B19: 0.33333333 | C19: 0.33333333 | D19: 0.33333333 | E19: 0.33333333 | F19: 0.33333333 | G19: =MAX(B19:F19) -> 0.33333333 | J19: 17 | K19: 0.33333333 | L19: 0.33333333 | M19: 0.66666667 | N19: 0.33333333 | O19: 0.5 | P19: =MAX(K19:O19) -> 0.66666667
A20: 18 | B20: 0.071428571 | C20: 0.071428571 | D20: 0.071428571 | E20: 0.071428571 | F20: 0.071428571 | G20: =MAX(B20:F20) -> 0.071428571 | J20: 18 | K20: 0.57142857 | L20: 0.78571429 | M20: 0.78571429 | N20: 0.78571429 | O20: 1 | P20: =MAX(K20:O20) -> 1
A21: 19 | B21: 0 | C21: 0 | D21: 0 | E21: 0 | F21: 0 | G21: =MAX(B21:F21) -> 0 | J21: 19 | K21: 0.125 | L21: 0.5 | M21: 0.5 | N21: 0.5 | O21: 0.5 | P21: =MAX(K21:O21) -> 0.5
A22: 20 | B22: 0 | C22: 0 | D22: 0 | E22: 0 | F22: 0 | G22: =MAX(B22:F22) -> 0 | J22: 20 | K22: 0.076923077 | L22: 0.076923077 | M22: 0.076923077 | N22: 0.076923077 | O22: 0.076923077 | P22: =MAX(K22:O22) -> 0.076923077
A23: Ave. | B23: =AVERAGE(B3:B22) -> 0.27360491 | C23: - | D23: - | E23: - | F23: - | G23: =AVERAGE(G3:G22) -> 0.41777597 | J23: Ave. | K23: =AVERAGE(K3:K22) -> 0.45053935 | L23: - | M23: - | N23: - | O23: - | P23: =AVERAGE(P3:P22) -> 0.81201807

Sheet GPT-5-Mini
A1: GPT-5-Mini | B1: Java | J1: GPT-5-Mini | K1: JavaScript
A2: ProjectID | B2: Initial | C2: 2 | D2: 3 | E2: 4 | F2: 5 | G2: Best | J2: ProjectID | K2: Initial | L2: 2 | M2: 3 | N2: 4 | O2: 5 | P2: Best
A3: 1 | B3: 1 | G3: =MAX(B3:F3) -> 1 | J3: 1 | K3: 1 | P3: =MAX(K3:O3) -> 1
A4: 2 | B4: 0 | C4: 0 | D4: 1 | G4: =MAX(B4:F4) -> 1 | J4: 2 | K4: 1 | P4: =MAX(K4:O4) -> 1
A5: 3 | B5: 0.9375 | G5: =MAX(B5:F5) -> 0.9375 | H5: 1 | J5: 3 | K5: 1 | P5: =MAX(K5:O5) -> 1
A6: 4 | B6: 0.88235294 | C6: 0 | D6: 1 | G6: =MAX(B6:F6) -> 1 | J6: 4 | K6: 0.88235294 | L6: 1 | P6: =MAX(K6:O6) -> 1
A7: 5 | B7: 0 | C7: 0 | D7: 0.84615385 | E7: 0.92307692 | G7: =MAX(B7:F7) -> 0.92307692 | H7: 1 | J7: 5 | K7: 0 | L7: 1 | P7: =MAX(K7:O7) -> 1
A8: 6 | B8: 0.65 | C8: 0.85 | D8: 1 | G8: =MAX(B8:F8) -> 1 | J8: 6 | K8: 0.05 | L8: 1 | P8: =MAX(K8:O8) -> 1
A9: 7 | B9: 0.70833333 | C9: 0 | D9: 0 | E9: 0.79166667 | F9: 0.83333333 | G9: =MAX(B9:F9) -> 0.83333333 | H9: 1 | J9: 7 | K9: 0.70833333 | L9: 1 | P9: =MAX(K9:O9) -> 1
A10: 8 | B10: 0.72222222 | C10: 0.72222222 | D10: 0.72222222 | E10: 0.72222222 | F10: 0.72222222 | G10: =MAX(B10:F10) -> 0.72222222 | H10: 1 | J10: 8 | K10: 1 | P10: =MAX(K10:O10) -> 1
A11: 9 | B11: 1 | G11: =MAX(B11:F11) -> 1 | J11: 9 | K11: 1 | P11: =MAX(K11:O11) -> 1
A12: 10 | B12: 0.33333333 | C12: 0.33333333 | D12: 0.76190476 | E12: 0.76190476 | F12: 0.76190476 | G12: =MAX(B12:F12) -> 0.76190476 | H12: 1 | J12: 10 | K12: 1 | P12: =MAX(K12:O12) -> 1
A13: 11 | B13: 0.25 | C13: 0.25 | D13: 0.25 | E13: 0.5 | F13: 0.5 | G13: =MAX(B13:F13) -> 0.5 | J13: 11 | K13: 0 | L13: 0.375 | M13: 0 | N13: 0 | O13: 1 | P13: =MAX(K13:O13) -> 1
A14: 12 | B14: 0 | C14: 0 | D14: 0.55555556 | E14: 0.72222222 | F14: 0.72222222 | G14: =MAX(B14:F14) -> 0.72222222 | H14: 1 | J14: 12 | K14: 0.55555556 | L14: 0.72222222 | M14: 0.72222222 | N14: 0.72222222 | O14: 0.77777778 | P14: =MAX(K14:O14) -> 0.77777778
A15: 13 | B15: 0 | C15: 0.64 | D15: 0 | E15: 0 | F15: 0 | G15: =MAX(B15:F15) -> 0.64 | H15: 1 | J15: 13 | K15: 0.04 | L15: 0.04 | M15: 0.04 | N15: 0.36 | O15: 0.4 | P15: =MAX(K15:O15) -> 0.4
A16: 14 | B16: 1 | G16: =MAX(B16:F16) -> 1 | J16: 14 | K16: 1 | P16: =MAX(K16:O16) -> 1
A17: 15 | B17: 1 | G17: =MAX(B17:F17) -> 1 | J17: 15 | K17: 1 | P17: =MAX(K17:O17) -> 1
A18: 16 | B18: 1 | G18: =MAX(B18:F18) -> 1 | H18: 1 | J18: 16 | K18: 1 | P18: =MAX(K18:O18) -> 1
A19: 17 | B19: 1 | G19: =MAX(B19:F19) -> 1 | J19: 17 | K19: 0.16666667 | L19: 0.16666667 | M19: 0.33333333 | N19: 1 | P19: =MAX(K19:O19) -> 1
A20: 18 | B20: 1 | G20: =MAX(B20:F20) -> 1 | H20: 1 | J20: 18 | K20: 1 | P20: =MAX(K20:O20) -> 1
A21: 19 | B21: 0.125 | C21: 0.5 | D21: 0.625 | E21: 0.625 | F21: 0.125 | G21: =MAX(B21:F21) -> 0.625 | H21: 放弃，那个地方那张图是正确的，就是判错 | J21: 19 | K21: 0.125 | L21: 0.25 | M21: 0.625 | N21: 0.875 | O21: 0.75 | P21: =MAX(K21:O21) -> 0.875
A22: 20 | B22: 0 | C22: 0 | D22: 0.5 | E22: 0.57692308 | F22: 0.57692308 | G22: =MAX(B22:F22) -> 0.57692308 | H22: 1 | J22: 20 | K22: 0.11538462 | L22: 0 | M22: 0 | N22: 0 | O22: 0.61538462 | P22: =MAX(K22:O22) -> 0.61538462
A23: Ave. | B23: =AVERAGE(B3:B22) -> 0.58043709 | C23: - | D23: - | E23: - | F23: - | G23: =AVERAGE(G3:G22) -> 0.86210913 | J23: Ave. | K23: =AVERAGE(K3:K22) -> 0.63216466 | L23: - | M23: - | N23: - | O23: - | P23: =AVERAGE(P3:P22) -> 0.93340812
